"","date","AL","AK","AZ","AR","CA","CO","CT","DE","DC","FL","GA","HI","ID","IL","IN","IA","KS","KY","LA","ME","MT","NE","NV","NH","NJ","NM","NY","NC","ND","OH","OK","OR","MD","MA","MI","MN","MS","MO","PA","RI","SC","SD","TN","TX","UT","VT","VA","WA","WV","WI","WY"
"1",2012-11-25,35,45,31,67,64,36,38,0,29,55,69,59,35,68,47,15,26,64,49,21,48,72,38,54,29,44,47,63,33,65,44,59,54,43,48,41,42,50,36,21,42,21,68,60,46,56,43,64,36,44,47
"2",2012-12-02,43,0,15,28,58,36,23,23,12,71,80,44,44,32,26,39,40,47,44,21,0,32,39,18,50,55,63,47,100,42,40,33,51,47,68,45,65,33,36,21,59,21,59,48,23,0,36,57,48,27,0
"3",2012-12-09,63,33,42,20,47,42,43,23,12,55,70,45,18,71,48,39,65,58,68,24,48,22,39,42,49,33,62,89,34,47,31,27,48,44,48,25,48,91,56,44,39,0,65,58,64,32,60,48,25,67,48
"4",2012-12-16,60,75,52,32,56,49,20,25,32,44,76,32,29,66,52,34,15,86,37,45,0,23,20,25,55,0,67,79,37,57,20,26,49,37,86,23,0,61,39,62,43,23,76,58,43,42,54,48,28,53,52
"5",2012-12-23,24,0,53,100,69,70,45,28,28,78,74,67,45,68,65,51,25,16,100,34,40,52,22,80,62,40,92,67,0,69,68,50,100,100,94,52,28,82,61,30,87,27,63,95,100,45,73,36,45,91,0
"6",2012-12-30,85,0,98,43,83,100,62,48,100,89,76,0,59,100,100,71,100,42,66,46,52,47,100,50,71,72,100,84,0,77,60,58,82,74,100,61,51,79,68,27,76,23,65,89,86,40,88,76,41,74,53
"7",2013-01-06,82,36,95,39,82,50,89,91,57,71,61,29,35,71,54,56,69,98,65,28,32,55,85,47,63,87,92,59,32,72,83,80,97,70,60,100,47,99,100,24,26,21,47,89,62,38,100,63,39,52,0
"8",2013-01-13,74,0,92,66,96,71,45,100,62,53,70,58,44,66,41,53,97,44,65,42,64,33,75,24,100,54,78,58,32,49,72,57,77,79,60,58,34,67,67,47,41,0,75,75,54,37,84,76,0,74,0
"9",2013-01-20,42,0,100,66,86,62,67,90,38,66,71,43,17,71,56,53,35,38,53,54,64,85,47,47,65,32,79,47,0,54,70,100,82,79,61,45,47,46,72,22,46,0,76,98,85,61,69,81,35,63,48
"10",2013-01-27,65,44,53,55,92,28,45,45,65,57,68,42,43,59,59,44,50,43,36,20,0,41,35,69,63,21,62,47,32,70,43,50,52,57,72,42,67,59,53,65,35,40,48,56,67,28,44,66,23,25,0
"11",2013-02-03,15,29,61,28,71,38,45,21,45,52,66,85,42,45,29,46,33,38,49,39,31,40,30,50,52,32,47,47,0,41,52,95,42,59,64,34,34,54,52,21,20,61,57,47,37,55,39,35,34,41,0
"12",2013-02-10,45,29,55,19,60,44,62,21,32,51,49,57,35,57,39,45,55,13,19,31,31,30,45,35,32,31,58,56,32,32,17,44,50,30,65,46,45,63,37,64,20,20,38,43,30,56,47,64,35,37,69
"13",2013-02-17,31,30,46,91,57,45,57,0,38,68,58,84,17,43,48,14,49,37,49,21,61,30,37,51,39,31,62,60,32,45,68,87,46,39,60,45,33,50,44,21,58,41,56,39,37,40,39,53,46,37,46
"14",2013-02-24,54,29,57,36,55,41,44,41,33,38,41,50,17,60,62,14,24,19,33,78,30,51,37,18,37,40,50,63,32,33,58,86,38,35,49,42,33,49,48,21,43,0,60,46,37,0,43,65,56,30,0
"15",2013-03-03,59,29,36,37,43,40,33,32,31,62,63,52,43,35,57,14,33,49,27,50,61,21,27,87,48,51,63,52,31,39,26,61,45,37,48,35,80,47,38,20,25,21,62,41,44,57,54,32,23,31,46
"16",2013-03-10,50,90,23,37,55,23,39,42,31,56,56,28,18,34,40,29,63,44,38,81,31,100,45,35,56,21,36,41,0,35,34,12,37,42,50,33,50,22,56,44,34,20,37,37,16,26,19,38,36,48,46
"17",2013-03-17,30,29,36,41,52,35,44,21,17,64,54,29,17,45,51,31,48,29,59,98,29,38,44,51,53,31,56,59,62,29,36,54,44,44,35,45,22,33,44,31,47,28,49,34,29,0,32,75,0,38,0
"18",2013-03-24,37,28,25,18,51,39,33,0,24,47,42,0,37,39,38,51,14,32,42,30,63,39,36,52,43,21,58,54,32,40,57,60,31,41,53,22,34,50,41,22,37,41,13,50,23,0,45,40,49,64,48
"19",2013-03-31,57,29,28,18,47,25,38,0,31,42,25,56,18,47,25,37,15,31,21,20,50,20,36,26,25,0,48,30,0,30,31,37,31,54,54,24,90,40,30,21,20,21,38,28,16,0,47,50,50,40,0
"20",2013-04-07,15,83,30,19,39,42,33,22,34,38,40,83,51,51,33,22,16,24,52,60,30,19,53,17,28,63,38,45,31,19,52,66,31,44,47,22,67,47,32,43,10,19,37,34,29,0,29,45,23,33,44
"21",2013-04-14,23,28,38,18,37,30,28,0,9,28,16,41,17,32,45,36,16,18,31,22,88,38,35,17,27,40,28,31,30,23,23,65,30,37,51,16,34,32,33,21,23,19,51,27,28,28,33,49,35,27,0
"22",2013-04-21,39,28,26,18,39,36,17,22,21,34,12,28,18,28,36,37,80,18,23,21,0,19,26,28,30,83,34,36,32,26,68,32,31,35,50,22,45,40,24,21,14,20,26,30,53,29,41,39,61,63,0
"23",2013-04-28,75,0,35,37,32,20,46,22,27,25,34,54,18,30,33,22,24,17,25,21,30,20,17,0,51,20,38,37,0,38,15,31,27,45,46,24,33,26,23,22,42,31,12,29,54,30,28,50,24,25,45
"24",2013-05-05,16,0,20,28,28,20,17,0,45,45,47,64,36,36,28,15,0,17,14,41,33,31,26,18,23,21,33,45,0,24,34,50,17,31,23,42,23,33,33,32,10,0,25,41,16,0,23,27,24,11,47
"25",2013-05-12,33,0,21,0,44,17,52,22,16,31,39,40,19,24,26,33,44,31,20,21,32,0,26,27,39,33,45,38,0,31,16,48,24,17,26,16,49,50,22,23,10,23,43,30,24,0,14,26,0,30,0
"26",2013-05-19,46,0,19,20,34,17,11,43,16,35,30,0,19,19,36,0,27,31,11,0,0,22,0,17,28,22,42,23,0,25,43,24,14,28,32,15,0,34,28,22,30,22,39,25,32,0,28,29,26,34,49
"27",2013-05-26,66,33,23,20,37,32,30,24,9,23,30,55,29,28,16,16,28,26,22,45,100,0,35,76,17,23,33,46,0,17,32,36,26,15,33,16,0,35,28,24,32,0,61,19,0,31,23,48,27,30,0
"28",2013-06-02,32,33,23,41,20,14,45,22,22,45,29,55,19,34,38,43,18,32,12,21,0,0,26,54,13,22,29,14,0,19,14,42,30,36,35,30,45,27,20,0,28,24,22,19,0,29,21,41,27,15,0
"29",2013-06-09,24,69,30,59,25,24,17,0,17,22,25,82,29,21,27,0,36,31,49,22,0,22,35,36,16,22,21,29,0,23,52,19,29,21,26,11,0,8,17,0,10,23,18,21,24,0,35,24,27,19,0
"30",2013-06-16,33,0,24,30,33,17,23,0,19,13,32,27,0,23,16,0,18,37,24,22,0,33,17,19,31,22,23,31,0,27,20,19,19,28,51,17,83,8,20,23,31,24,29,22,24,0,19,21,27,23,0
"31",2013-06-23,16,0,11,41,30,16,24,23,11,17,46,27,19,13,11,17,27,11,44,43,0,0,35,55,26,0,26,27,0,20,26,32,10,20,18,5,36,12,31,0,10,0,41,25,32,30,32,36,0,26,0
"32",2013-06-30,24,0,25,0,25,26,13,0,0,40,31,54,21,32,17,48,19,39,19,34,0,36,24,20,30,23,26,18,0,17,26,9,21,28,33,16,20,25,17,0,21,0,32,21,100,0,22,31,28,17,0
"33",2013-07-07,27,0,16,19,31,14,12,0,30,26,26,26,19,18,27,24,14,33,10,43,33,20,22,28,25,22,26,18,0,23,27,13,21,16,22,23,18,34,22,0,20,23,23,20,19,0,20,26,0,18,0
"34",2013-07-14,29,32,23,28,26,14,23,25,15,40,28,52,19,23,16,16,28,32,26,21,65,61,30,0,25,22,26,25,0,12,33,20,14,16,15,32,17,22,8,23,25,0,29,21,13,0,22,24,39,27,0
"35",2013-07-21,21,32,27,19,26,14,17,24,15,35,40,26,28,22,11,32,35,25,10,0,32,20,14,54,27,0,31,13,36,16,20,23,15,34,27,12,17,30,24,0,25,0,34,26,52,0,13,23,0,13,0
"36",2013-07-28,28,0,23,18,39,34,64,0,15,31,34,25,0,30,37,27,28,19,15,21,0,41,12,18,29,33,23,20,0,23,23,17,29,31,22,15,33,33,19,0,10,23,26,22,12,29,23,20,26,49,0
"37",2013-08-04,16,30,34,27,42,24,12,0,32,30,24,25,0,29,31,23,44,39,21,20,32,21,18,0,16,22,26,36,0,18,30,6,25,9,30,17,16,33,18,22,16,23,33,29,16,29,31,29,50,18,0
"38",2013-08-11,24,60,33,0,31,32,12,0,33,34,27,25,0,28,42,23,13,30,22,21,0,62,37,18,21,22,36,21,0,23,36,6,26,18,42,20,24,59,21,0,20,0,36,30,31,0,37,34,0,23,94
"39",2013-08-18,47,30,49,37,36,31,23,0,24,32,27,38,18,22,40,34,24,17,45,21,0,20,25,18,35,21,32,43,52,22,30,6,21,18,10,23,64,51,18,22,15,21,36,22,31,29,31,35,50,9,47
"40",2013-08-25,30,0,26,43,34,30,28,0,14,39,45,63,0,20,53,23,17,15,34,0,30,48,24,17,27,41,35,24,33,27,77,16,25,26,20,14,25,47,15,44,25,20,39,38,16,0,32,29,24,29,45
"41",2013-09-01,38,29,27,35,32,60,39,0,13,47,35,51,18,31,24,24,63,33,31,19,0,39,23,18,22,21,29,51,0,25,32,19,34,20,36,18,43,42,17,43,29,31,36,36,20,0,38,26,0,36,0
"42",2013-09-08,21,42,44,0,24,42,27,23,36,32,32,0,51,29,56,15,35,23,47,37,29,37,45,17,40,39,43,53,0,32,46,13,32,27,25,32,63,47,24,20,19,0,43,47,10,0,40,26,23,34,0
"43",2013-09-15,28,0,47,25,42,30,17,24,24,35,71,0,25,39,32,45,30,0,46,19,30,0,62,26,34,40,49,22,31,32,20,18,29,31,39,23,41,43,35,40,9,20,30,39,30,53,39,51,45,33,64
"44",2013-09-22,44,29,49,33,47,24,33,24,24,34,31,38,17,29,29,38,31,20,36,37,44,38,24,34,48,20,68,49,0,19,26,37,36,29,52,27,43,19,32,100,10,20,40,42,41,27,30,43,35,52,0
"45",2013-09-29,36,29,26,32,46,32,22,0,38,36,41,100,17,30,42,13,30,34,29,0,29,28,36,34,33,39,50,34,0,23,20,18,37,51,50,28,13,27,33,20,19,0,36,36,16,26,44,54,45,43,42
"46",2013-10-06,45,43,34,42,50,33,33,0,39,43,29,0,0,37,34,40,58,16,37,29,59,18,12,34,37,40,48,51,31,31,35,36,36,46,43,26,44,33,27,40,24,40,36,33,51,0,40,55,23,29,43
"47",2013-10-13,30,57,56,50,37,32,22,0,13,50,53,63,0,37,58,0,45,19,30,59,44,75,18,68,48,49,41,36,47,27,36,21,19,46,42,28,32,22,24,41,10,19,32,39,12,0,24,38,34,32,0
"48",2013-10-20,30,0,29,68,46,44,38,24,37,40,41,0,99,52,29,73,46,52,18,38,30,37,36,41,20,58,43,28,91,25,55,35,26,25,47,34,31,65,41,20,24,19,36,42,52,0,39,52,32,30,0
"49",2013-10-27,59,29,44,42,38,33,16,0,31,53,55,38,41,48,28,29,29,43,43,19,0,75,31,33,27,20,33,53,61,25,51,23,22,45,31,32,11,43,28,20,29,19,42,37,11,25,50,68,27,43,0
"50",2013-11-03,44,0,58,49,62,49,26,46,43,36,48,49,40,31,46,14,57,18,36,19,29,28,36,0,34,48,48,39,0,53,40,14,46,43,50,25,23,36,43,19,14,56,41,40,46,0,40,26,36,23,0
"51",2013-11-10,29,29,39,65,65,46,37,23,32,47,46,37,48,35,55,50,42,45,54,19,57,93,24,16,29,19,56,46,45,38,40,20,40,58,56,31,17,25,44,19,47,19,50,53,35,25,37,36,18,17,0
"52",2013-11-17,28,28,40,40,45,23,42,34,42,46,52,21,23,47,36,21,42,35,18,19,28,0,41,40,57,37,37,51,0,30,39,20,39,34,38,33,62,46,35,0,23,0,43,50,36,0,44,47,35,36,40
"53",2013-11-24,49,30,15,36,52,43,22,42,26,43,46,23,35,46,30,16,44,27,33,30,31,60,18,50,41,73,48,28,0,34,47,24,19,37,59,34,52,22,42,21,15,41,43,55,43,56,40,29,44,39,0
"54",2013-12-01,55,0,45,23,50,39,30,57,14,48,62,48,44,33,39,36,13,51,34,27,52,26,65,31,39,27,46,54,27,49,28,19,51,39,42,34,43,54,30,27,45,0,56,55,52,24,37,52,31,33,39
"55",2013-12-08,46,28,41,32,57,27,60,16,27,47,34,24,23,62,62,52,44,51,50,18,28,37,31,16,35,19,52,68,0,42,47,30,31,32,56,37,43,44,34,19,55,27,34,61,41,0,44,67,21,33,0
"56",2013-12-15,65,58,58,95,73,48,32,36,40,37,60,90,24,46,66,54,65,25,49,19,29,0,47,33,62,30,60,43,29,47,35,33,52,58,45,30,52,32,40,30,39,19,39,73,29,26,52,50,23,46,0
"57",2013-12-22,95,67,41,41,75,40,67,0,44,63,64,28,28,64,62,38,60,45,80,24,33,23,42,54,36,69,68,40,55,47,86,26,52,50,64,48,17,48,61,24,60,23,84,77,35,57,64,86,26,47,100
"58",2013-12-29,61,0,61,73,87,55,70,37,17,51,91,52,50,63,61,86,79,73,79,41,29,40,90,31,73,52,81,78,31,51,81,38,56,75,95,87,38,85,51,41,52,39,100,84,38,49,51,64,45,61,0
"59",2014-01-05,56,29,59,24,89,65,55,50,19,53,82,64,15,59,57,71,82,69,59,28,81,28,44,46,68,19,56,83,58,51,35,26,39,58,77,52,71,47,65,29,26,36,84,86,61,0,68,75,42,89,59
"60",2014-01-12,59,41,63,32,71,53,46,37,16,62,44,50,30,47,53,27,29,53,40,28,54,72,36,38,49,37,55,63,42,44,46,23,72,40,50,39,50,25,39,47,60,0,66,82,39,35,49,88,34,69,0
"61",2014-01-19,67,27,60,87,74,70,35,19,33,81,46,34,30,57,42,64,65,61,50,18,41,18,51,22,50,0,63,45,28,66,59,31,61,57,52,23,61,50,73,54,42,0,54,47,40,47,69,62,48,34,40
"62",2014-01-26,76,54,58,31,79,58,100,50,32,72,50,40,22,63,46,66,46,43,70,18,26,42,41,45,68,72,48,62,0,60,59,43,68,70,74,54,58,78,63,44,44,34,50,59,66,23,75,43,0,64,37
"63",2014-02-02,26,33,58,38,63,50,31,41,35,40,52,43,17,43,62,47,52,45,33,18,60,17,50,23,42,39,59,67,0,65,50,34,53,38,49,56,79,93,54,19,42,26,37,53,37,48,54,64,77,59,0
"64",2014-02-09,46,27,58,30,55,30,92,19,68,52,44,22,43,48,73,34,28,62,53,62,79,43,51,22,41,28,56,66,27,26,62,20,43,28,64,40,28,67,30,43,37,26,50,49,53,23,50,53,30,44,38
"65",2014-02-16,44,27,34,30,61,34,56,29,33,42,41,34,15,41,65,15,26,31,23,59,52,26,29,15,33,19,56,48,41,25,36,32,56,70,63,32,64,33,37,18,21,0,48,51,34,23,26,38,40,48,38
"66",2014-02-23,13,54,26,43,45,22,39,20,26,38,51,49,36,49,60,25,35,27,16,27,51,34,45,23,30,18,47,62,27,46,44,38,48,55,60,37,0,27,48,52,45,49,48,43,27,0,28,44,39,60,0
"67",2014-03-02,34,54,26,14,55,34,45,0,20,39,53,0,36,50,30,44,19,38,36,18,79,41,56,23,32,0,59,55,54,41,50,93,50,26,54,39,61,57,45,70,25,17,66,47,47,48,35,57,95,41,38
"68",2014-03-09,14,41,26,15,37,35,31,20,9,66,55,69,14,47,36,23,35,32,39,45,28,17,28,15,31,57,54,33,28,36,48,56,55,50,38,49,0,43,35,37,67,0,48,37,50,69,44,53,63,47,0
"69",2014-03-16,21,28,27,30,44,18,32,20,19,39,62,53,15,48,50,40,38,72,30,54,27,16,11,16,46,39,46,31,57,43,35,29,39,55,38,28,25,47,41,18,52,17,45,33,34,35,27,71,56,31,0
"70",2014-03-23,22,0,30,17,49,36,46,19,19,40,56,65,31,43,41,26,56,41,23,36,27,0,22,16,28,29,66,37,28,49,55,54,42,37,32,32,31,50,35,36,27,25,30,35,34,0,41,27,35,35,39
"71",2014-03-30,20,27,20,23,46,62,31,21,24,26,53,50,22,42,28,60,16,17,32,54,28,16,28,16,48,28,52,46,0,42,16,29,27,39,55,41,32,44,33,18,30,0,45,37,34,48,16,43,20,45,58
"72",2014-04-06,13,27,32,0,40,25,22,20,17,33,37,38,15,38,32,28,27,24,46,37,27,17,34,24,56,38,44,28,28,24,11,19,44,34,39,41,32,39,31,37,32,0,44,35,28,0,19,53,22,13,0
"73",2014-04-13,18,0,49,47,31,22,46,0,9,39,37,25,16,31,35,14,37,15,39,19,28,17,22,17,31,39,34,31,0,35,67,22,33,33,51,24,31,21,41,18,21,0,29,39,40,26,19,48,23,27,0
"74",2014-04-20,19,29,22,0,30,36,38,21,0,34,46,51,23,48,45,28,32,15,19,21,28,34,21,17,40,38,37,34,29,28,29,44,11,35,39,22,41,36,25,38,33,0,41,35,13,55,28,39,21,23,0
"75",2014-04-27,26,28,20,15,40,29,32,30,10,37,35,23,30,46,30,20,32,42,12,28,28,32,28,17,9,37,47,34,27,30,24,33,40,22,34,32,24,40,20,0,28,17,30,38,28,26,23,27,40,31,38
"76",2014-05-04,41,0,31,63,39,35,22,20,24,32,46,35,37,37,46,28,22,25,32,28,0,17,21,17,31,38,30,27,28,40,13,15,41,22,53,22,25,35,25,28,35,18,34,33,29,0,16,29,32,39,0
"77",2014-05-11,21,0,26,16,28,35,46,0,28,38,27,39,16,28,38,29,26,15,19,39,0,34,22,33,40,59,40,29,29,19,46,27,24,16,36,20,35,29,23,20,9,0,31,25,43,0,31,51,16,45,0
"78",2014-05-18,23,0,41,0,32,21,20,22,33,40,36,26,17,35,48,65,30,22,21,31,32,19,25,18,30,33,51,46,0,26,29,31,31,20,34,37,38,36,43,0,28,0,31,35,15,60,23,38,0,30,46
"79",2014-05-25,17,0,28,19,34,40,13,24,38,33,45,29,28,25,17,18,19,34,32,23,0,21,41,38,32,48,27,47,38,21,32,17,43,32,28,22,38,19,24,0,10,0,29,30,16,65,18,18,20,36,0
"80",2014-06-01,32,34,21,38,26,28,11,37,34,40,48,58,19,30,23,18,23,11,46,22,0,39,13,19,26,24,26,47,0,16,24,24,12,16,41,23,39,21,22,23,35,0,32,22,15,32,14,27,0,15,0
"81",2014-06-08,65,35,23,0,36,20,19,0,18,44,26,0,0,28,12,37,42,0,16,34,0,80,13,19,35,47,25,14,36,11,16,28,24,33,18,21,21,12,10,0,22,0,23,30,18,32,17,56,40,16,51
"82",2014-06-15,25,69,27,40,25,23,20,25,33,36,14,29,0,24,24,0,18,62,22,24,0,40,42,0,23,24,36,18,0,29,32,20,50,16,37,12,44,25,16,25,8,23,28,19,36,35,12,23,56,15,0
"83",2014-06-22,24,34,27,30,33,16,41,0,47,27,30,42,19,14,30,18,26,12,21,24,34,0,34,20,26,70,30,50,0,9,16,20,37,19,23,9,22,29,18,24,30,23,14,21,26,0,24,29,28,24,0
"84",2014-06-29,25,0,37,32,21,32,71,0,18,29,37,29,40,16,52,19,29,26,11,47,0,43,21,21,19,0,26,19,38,35,0,17,21,23,30,26,25,45,19,0,19,25,38,26,37,0,16,31,27,31,0
"85",2014-07-06,61,33,28,49,23,29,41,0,20,22,38,29,0,30,24,18,20,24,11,23,33,20,13,21,32,0,38,12,36,26,32,16,32,25,25,27,24,21,12,0,23,22,36,27,34,33,15,14,0,16,0
"86",2014-07-13,52,34,36,39,24,30,13,38,16,32,28,42,0,18,36,18,24,19,30,23,33,21,25,20,24,0,25,22,0,32,33,20,25,8,20,27,48,35,16,0,25,0,13,28,33,0,12,24,50,16,0
"87",2014-07-20,15,0,16,20,34,17,27,0,32,27,46,55,0,24,35,18,24,37,15,0,0,20,25,41,19,23,32,33,35,25,41,16,24,24,24,32,24,35,18,0,8,0,18,28,26,0,11,21,0,43,0
"88",2014-07-27,30,0,23,19,36,22,13,24,22,35,34,59,0,26,23,36,56,24,10,0,0,41,19,0,21,23,27,27,36,18,41,8,12,15,23,26,25,27,26,0,25,23,58,33,25,0,13,18,0,38,0
"89",2014-08-03,16,0,24,20,32,30,30,25,47,37,27,16,20,31,30,19,51,24,24,23,0,0,20,21,14,24,29,26,0,19,52,12,22,30,18,21,52,46,12,24,22,0,14,25,0,0,23,45,39,8,50
"90",2014-08-10,15,0,15,19,34,30,15,23,22,39,41,29,19,35,44,17,30,27,56,0,0,20,50,0,32,22,32,43,0,29,32,19,28,33,37,23,24,25,16,23,41,0,22,33,0,32,22,27,36,23,0
"91",2014-08-17,56,0,30,37,39,31,24,24,24,32,42,43,37,29,21,49,18,50,24,22,0,0,31,30,30,22,32,32,0,18,63,8,24,32,40,26,35,33,43,23,17,0,35,29,16,33,22,20,0,23,0
"92",2014-08-24,21,0,59,26,42,15,23,0,20,36,48,20,0,41,26,30,35,43,40,23,0,28,59,20,19,21,22,34,34,24,29,39,24,35,34,17,34,36,23,0,33,0,64,32,23,32,18,24,34,53,46
"93",2014-08-31,43,32,62,44,46,34,30,0,12,44,67,27,36,44,36,55,35,38,35,21,31,19,38,0,10,43,30,26,0,46,11,23,23,34,31,31,23,16,31,21,37,0,69,34,77,30,21,27,0,30,45
"94",2014-09-07,27,0,36,17,49,49,49,21,22,63,33,20,68,54,64,52,47,46,23,21,59,45,30,38,33,21,36,39,32,36,54,30,67,41,62,38,0,52,32,20,35,0,31,51,22,86,28,29,32,42,42
"95",2014-09-14,42,0,39,0,36,73,57,43,20,58,46,27,42,35,20,22,29,56,46,52,60,28,55,58,51,61,47,47,32,23,35,26,42,41,85,33,34,48,45,31,15,19,42,44,66,29,26,46,22,42,43
"96",2014-09-21,58,61,44,34,53,37,43,0,34,37,38,75,17,37,51,30,30,42,47,61,30,47,31,19,36,21,47,42,0,25,40,26,69,50,46,33,45,33,32,20,16,0,40,36,43,28,26,29,56,64,0
"97",2014-09-28,80,0,37,34,42,46,42,22,43,56,46,41,17,39,25,15,41,17,28,40,29,19,38,19,32,42,59,55,31,33,32,29,60,51,49,37,34,48,45,40,27,19,59,52,67,55,29,42,33,38,84
"98",2014-10-05,74,0,30,34,52,61,36,22,27,55,57,48,25,50,61,61,24,54,52,20,0,57,28,48,58,21,77,33,31,51,36,36,30,53,51,30,45,48,43,20,24,37,45,55,44,28,32,41,22,42,0
"99",2014-10-12,76,46,49,34,57,53,43,22,32,82,39,40,42,58,37,29,60,38,12,41,60,28,15,48,35,42,59,50,31,51,64,33,49,75,58,50,0,44,44,31,48,19,54,53,62,27,24,68,65,31,43
"100",2014-10-19,56,31,33,17,61,50,43,22,31,52,51,54,51,56,58,60,57,55,53,40,29,28,30,38,58,31,55,41,30,51,32,24,65,43,57,27,46,54,47,30,37,0,44,54,37,0,31,19,33,31,0
"101",2014-10-26,40,47,37,34,59,52,36,44,38,36,73,41,60,48,30,59,66,38,67,40,29,36,15,47,38,41,58,68,30,45,40,48,46,48,53,53,23,27,41,40,53,18,42,50,88,26,26,50,57,48,42
"102",2014-11-02,39,45,40,42,57,47,35,22,23,62,62,44,42,41,39,43,39,33,18,73,57,18,15,46,56,61,58,61,29,48,18,27,45,59,60,26,34,51,31,19,41,18,39,38,43,25,25,46,44,28,0
"103",2014-11-09,61,30,40,33,52,47,49,44,26,60,61,35,100,57,59,29,39,38,52,31,42,52,38,19,45,51,57,39,30,46,34,30,19,29,37,31,33,47,42,39,35,35,61,53,64,26,24,44,45,45,80
"104",2014-11-16,38,62,30,49,67,54,14,22,39,46,83,63,42,56,55,21,33,31,33,21,28,45,15,19,41,43,64,68,0,65,40,34,49,41,49,46,56,56,41,19,43,0,92,70,54,26,27,53,44,35,0
"105",2014-11-23,51,32,50,65,44,25,24,24,35,48,64,36,0,51,27,55,15,28,56,34,30,19,15,0,42,23,45,34,0,44,63,22,36,42,52,27,26,43,34,21,47,19,36,54,40,58,20,43,25,46,43
"106",2014-11-30,72,0,46,31,46,78,34,21,42,64,73,34,24,49,57,55,26,22,76,29,55,33,22,18,41,20,51,54,70,22,72,30,33,58,69,48,54,42,35,57,35,0,69,66,27,72,13,48,42,51,0
"107",2014-12-07,23,30,25,41,57,45,55,22,17,57,68,70,16,58,59,42,67,50,46,20,29,86,44,19,39,43,55,70,29,49,55,13,61,40,82,70,55,64,35,56,16,26,76,67,50,36,31,26,0,55,40
"108",2014-12-14,42,32,27,87,55,40,22,24,41,63,78,73,25,61,48,22,14,100,26,21,61,45,53,40,61,45,81,83,30,78,21,17,55,35,79,36,47,77,60,41,39,0,72,85,58,26,33,45,24,50,42
"109",2014-12-21,78,55,77,85,88,59,27,42,46,71,87,50,50,91,80,81,68,98,53,74,34,32,65,23,58,54,77,100,37,100,70,14,66,70,62,75,27,91,81,25,100,0,81,82,61,29,27,59,54,51,0
"110",2014-12-28,27,34,71,38,100,62,45,0,33,75,100,19,36,71,56,91,86,69,44,100,0,58,68,63,91,50,90,56,50,80,55,38,71,88,88,62,49,69,73,69,49,100,86,100,89,52,34,99,61,100,44
"111",2015-01-04,31,0,76,59,93,57,43,34,47,100,49,36,64,67,64,100,55,66,57,90,71,53,51,68,91,66,93,77,58,60,83,63,76,50,77,53,100,79,51,30,49,26,83,74,62,0,31,100,100,67,40
"112",2015-01-11,69,45,86,56,77,24,64,46,26,59,68,18,48,50,78,57,35,52,67,99,43,17,86,58,68,53,80,47,0,41,73,16,39,57,56,51,43,69,48,49,60,34,31,69,34,36,37,82,54,50,0
"113",2015-01-18,70,46,75,16,84,52,93,94,55,54,42,52,56,50,54,56,21,55,44,59,29,35,66,29,65,21,58,42,29,43,56,28,32,42,63,30,77,100,46,39,37,17,63,61,44,24,34,62,76,32,40
"114",2015-01-25,54,30,62,64,72,49,42,0,20,57,63,43,32,37,47,27,70,62,66,49,0,81,72,38,48,40,66,64,43,43,59,35,27,57,77,32,63,55,54,47,32,25,50,58,95,23,21,53,83,59,77
"115",2015-02-01,90,30,28,47,71,55,41,67,25,61,67,60,71,48,67,13,83,37,35,20,0,75,21,57,71,40,63,56,28,48,71,37,19,63,58,45,51,50,60,72,23,16,49,53,61,47,23,48,62,54,37
"116",2015-02-08,54,61,64,16,70,45,34,22,42,61,55,26,16,72,42,47,71,40,61,20,28,75,35,28,67,20,64,74,57,48,43,28,42,41,40,42,63,46,47,18,50,48,95,56,30,34,31,73,64,54,39
"117",2015-02-15,69,0,32,57,56,30,56,44,40,56,39,21,33,66,64,54,86,41,57,0,56,63,65,95,45,31,79,86,28,54,56,29,72,58,66,40,21,47,43,19,55,0,55,56,41,23,25,50,41,68,37
"118",2015-02-22,61,29,35,47,57,20,47,22,37,52,62,33,24,37,73,80,63,14,43,39,27,42,49,20,52,58,55,45,28,41,59,32,52,51,60,36,61,54,54,18,45,25,37,51,61,36,25,52,59,75,0
"119",2015-03-01,69,0,41,16,52,35,34,22,28,47,49,52,16,44,21,68,50,36,24,49,54,50,29,57,47,80,55,47,28,38,38,32,33,51,57,31,33,50,38,36,19,25,60,45,27,23,19,75,30,27,0
"120",2015-03-08,100,30,44,17,53,48,56,22,27,47,24,35,32,65,27,29,53,27,25,49,57,45,43,29,28,31,54,33,30,29,48,38,20,50,36,30,32,49,41,38,43,0,33,46,28,47,16,48,21,31,0
"121",2015-03-15,57,60,54,34,54,25,58,22,18,50,45,54,25,34,34,31,67,32,51,39,40,18,14,100,48,31,42,40,30,25,19,26,20,40,38,35,57,45,31,38,24,71,32,33,77,46,21,38,21,24,40
"122",2015-03-22,67,33,27,22,36,47,22,24,28,34,32,63,19,48,31,15,33,38,42,42,30,19,16,21,44,23,62,51,31,39,24,38,43,50,45,30,0,39,34,32,34,29,27,33,69,51,22,30,34,23,85
"123",2015-03-29,34,30,50,27,50,44,21,24,30,39,48,52,25,49,29,44,0,49,14,59,29,70,0,0,37,21,42,42,30,22,9,26,33,39,34,29,31,45,38,19,25,56,29,26,51,24,17,37,21,18,42
"124",2015-04-05,50,0,54,26,50,23,35,35,16,50,38,0,16,43,22,49,37,44,13,19,28,17,29,49,43,21,33,30,44,28,30,25,43,36,42,30,29,22,32,19,24,19,38,35,43,47,12,61,32,14,0
"125",2015-04-12,31,29,50,17,50,47,31,0,25,35,22,74,42,48,65,28,58,24,25,21,27,50,36,41,31,41,44,26,30,25,25,13,25,35,36,27,56,18,22,29,15,0,35,27,20,38,13,41,21,32,55
"126",2015-04-19,33,59,42,33,45,22,35,44,15,34,29,32,16,42,47,34,44,8,38,22,28,34,14,60,49,31,47,31,44,35,48,26,44,36,42,48,58,48,31,20,16,18,63,32,14,25,12,38,41,21,38
"127",2015-04-26,17,30,39,34,44,22,28,23,18,32,39,0,25,25,43,21,30,44,52,61,0,0,36,21,39,20,33,51,59,13,26,35,36,39,31,42,58,32,34,38,24,39,29,37,14,48,15,40,64,21,38
"128",2015-05-03,40,0,14,35,38,40,22,24,24,31,37,43,33,40,0,49,29,49,39,21,28,33,29,22,19,41,37,30,29,35,26,23,25,33,35,17,0,27,19,20,17,19,7,36,0,0,10,38,34,18,38
"129",2015-05-10,27,63,29,18,44,34,30,23,9,29,21,22,33,25,35,21,37,21,34,21,27,52,44,54,21,21,29,26,85,29,18,30,32,19,22,33,32,23,24,41,17,20,26,31,37,26,10,34,35,28,0
"130",2015-05-17,18,33,19,0,41,27,45,23,20,42,36,20,17,47,30,75,24,13,14,85,28,36,29,66,29,66,41,26,31,20,23,30,63,40,30,20,33,34,25,21,38,22,57,29,29,27,9,27,0,18,0
"131",2015-05-24,57,0,35,27,40,41,16,0,8,26,30,20,43,30,25,16,33,26,14,22,29,28,43,44,41,0,29,38,0,19,27,34,26,31,37,6,35,20,14,54,30,22,43,23,23,0,15,35,0,18,0
"132",2015-05-31,28,0,22,19,25,41,28,0,19,33,20,67,34,22,26,32,24,40,28,21,28,45,21,0,10,23,26,15,34,32,18,34,40,29,23,26,35,34,24,20,26,22,41,35,38,26,18,40,34,22,0
"133",2015-06-07,0,32,11,39,27,21,14,52,16,23,25,45,52,37,47,16,33,8,14,21,0,27,21,21,24,23,32,33,0,21,28,30,25,34,37,12,0,24,21,42,13,0,15,30,32,0,13,68,0,19,0
"134",2015-06-14,46,32,34,0,31,20,0,53,20,39,28,22,0,22,26,32,33,26,27,22,59,36,14,44,21,22,30,51,0,33,22,25,21,21,41,18,34,9,25,21,18,0,37,29,16,0,9,14,47,31,0
"135",2015-06-21,17,0,23,39,25,35,21,0,22,25,51,25,25,23,13,0,36,21,22,0,0,0,14,22,19,0,22,21,0,30,25,30,25,13,21,16,29,10,15,0,13,0,30,30,31,0,18,14,48,36,0
"136",2015-06-28,17,0,23,0,32,19,14,52,23,24,17,30,16,13,39,16,0,28,0,0,30,36,14,22,30,23,22,20,0,14,58,18,26,27,31,34,0,20,26,0,18,0,10,25,32,50,25,51,49,25,0
"137",2015-07-05,25,31,15,38,25,15,27,25,14,26,28,43,0,19,12,15,39,13,31,0,0,17,27,22,37,23,26,27,36,27,18,35,34,29,27,16,25,19,14,21,15,0,19,21,30,0,33,23,47,24,41
"138",2015-07-12,16,30,33,19,28,15,54,26,20,45,21,28,0,27,12,15,39,20,0,20,28,17,20,33,27,22,27,22,0,36,27,37,21,14,27,31,50,29,18,31,25,22,34,16,22,0,27,31,24,16,0
"139",2015-07-19,41,31,19,20,29,15,14,26,14,46,32,29,32,21,19,15,19,14,30,20,0,35,26,22,21,45,26,25,35,26,54,25,52,15,31,13,25,24,44,21,15,0,15,21,16,0,20,19,25,12,41
"140",2015-07-26,49,0,22,0,24,19,40,0,20,31,30,29,0,29,31,15,98,13,15,19,0,0,26,21,13,66,32,42,34,25,18,24,30,29,8,32,0,33,22,0,27,22,39,28,61,0,15,43,96,16,0
"141",2015-08-02,65,0,44,20,32,38,42,25,20,37,19,28,0,26,30,45,0,33,0,0,28,50,0,0,21,0,33,17,0,16,35,0,17,23,32,16,50,34,28,22,17,22,33,25,30,0,31,7,24,23,0
"142",2015-08-09,48,61,40,19,32,26,35,0,15,41,35,41,0,24,29,37,38,33,29,19,28,33,39,21,19,54,29,24,34,18,18,24,17,31,48,19,24,24,33,0,22,0,47,27,30,0,15,24,0,28,0
"143",2015-08-16,44,0,31,18,28,14,41,25,17,28,40,0,16,24,38,22,36,13,14,20,0,64,38,0,26,32,32,25,33,33,17,36,8,14,30,9,34,23,24,21,21,0,51,26,29,0,31,37,0,20,40
"144",2015-08-23,44,29,31,25,33,17,20,0,25,35,48,54,0,37,46,27,17,37,35,19,0,46,25,21,35,0,32,25,31,17,48,33,17,23,29,35,89,63,12,20,34,39,36,23,14,30,38,20,43,31,0
"145",2015-08-30,29,29,17,17,37,30,50,24,32,43,28,27,15,42,25,20,17,37,28,66,0,47,25,21,16,31,36,22,30,35,56,32,40,20,21,25,23,46,28,20,35,0,23,37,14,29,23,22,42,30,37
"146",2015-09-06,29,29,38,0,37,37,19,0,27,48,54,42,15,36,21,27,46,25,21,18,27,0,37,42,33,21,33,45,31,50,58,39,12,22,56,16,46,57,28,39,38,0,28,36,28,29,23,36,32,7,0
"147",2015-09-13,57,28,40,33,50,35,36,0,24,39,31,54,43,22,34,51,26,62,21,35,25,23,18,20,27,40,48,44,29,32,47,48,36,31,52,29,33,34,22,37,46,18,31,45,34,27,20,65,21,42,0
"148",2015-09-20,21,0,37,49,52,29,48,24,42,53,26,27,14,43,40,25,35,73,20,27,25,31,25,40,39,40,48,39,44,34,31,32,47,34,47,24,45,47,43,27,20,36,26,39,27,83,40,22,31,39,72
"149",2015-09-27,27,55,20,16,43,40,29,23,13,39,52,27,29,30,25,26,35,36,20,0,37,15,12,19,31,30,51,33,29,39,31,37,57,39,59,48,34,42,29,18,23,0,38,35,40,27,39,40,50,42,0
"150",2015-10-04,14,28,31,16,51,46,41,24,28,39,28,57,0,39,31,26,17,32,34,45,0,31,18,30,39,50,58,42,30,38,31,79,35,29,54,39,23,30,16,36,16,0,46,33,14,0,34,55,0,28,0
"151",2015-10-11,51,28,44,28,39,33,12,23,25,41,38,55,14,34,33,38,35,12,69,19,64,16,18,61,42,30,42,40,29,33,41,28,52,61,62,27,91,39,25,28,15,18,41,35,28,42,34,74,21,21,0
"152",2015-10-18,29,56,30,31,42,35,47,44,27,48,51,81,20,34,42,31,25,73,47,37,25,23,19,19,63,0,51,48,29,25,63,47,27,30,45,20,43,50,28,51,43,0,35,37,33,28,50,44,21,41,0
"153",2015-10-25,14,29,60,30,42,34,46,21,39,54,72,83,20,34,25,31,42,41,40,37,25,23,26,19,41,29,50,36,54,42,23,57,15,45,59,19,20,58,24,35,29,17,37,37,40,28,32,59,83,30,36
"154",2015-11-01,34,28,40,19,55,24,39,42,12,48,37,55,26,33,40,50,26,47,51,18,48,0,35,0,37,39,57,50,28,33,69,86,30,45,33,19,41,52,49,26,30,33,66,35,53,0,34,43,21,43,34
"155",2015-11-08,28,57,41,24,69,39,57,0,27,46,50,41,27,50,50,44,33,47,40,38,24,38,58,19,28,100,53,42,29,43,39,53,50,20,58,36,74,25,47,26,31,0,36,51,66,28,37,60,21,43,0
"156",2015-11-15,34,28,72,43,66,31,50,22,29,58,58,54,92,48,15,49,66,53,40,28,24,15,35,39,38,58,51,39,28,29,68,81,54,28,33,22,42,45,43,17,56,33,47,39,53,57,37,57,62,46,34
"157",2015-11-22,56,30,46,14,59,48,19,25,33,38,25,83,15,42,56,33,18,51,38,30,38,32,53,31,51,22,43,59,30,32,25,81,50,37,44,30,74,59,29,19,32,0,56,51,58,33,40,54,23,33,37
"158",2015-11-29,39,0,40,47,63,50,49,21,20,49,44,27,76,35,42,47,13,51,32,35,35,42,44,0,45,19,42,37,26,24,75,45,22,42,46,39,50,75,46,17,31,0,56,46,51,0,22,43,29,35,33
"159",2015-12-06,47,0,62,18,50,26,33,32,27,40,32,68,13,28,28,24,21,35,38,27,47,22,67,28,42,38,62,48,0,64,60,39,27,35,54,32,71,53,43,17,45,22,49,51,33,27,50,32,60,29,33
"160",2015-12-13,51,29,31,32,69,28,50,0,44,50,59,42,13,47,29,18,19,24,14,28,0,45,55,28,40,61,54,35,56,49,71,47,23,43,28,30,56,38,48,17,26,0,64,43,0,27,56,46,0,7,67
"161",2015-12-20,42,33,63,0,70,26,46,28,30,49,64,60,31,43,44,37,29,56,47,22,28,17,48,45,50,46,53,49,35,48,74,21,57,65,52,23,53,51,55,21,31,40,59,61,57,0,47,76,27,47,40
"162",2015-12-27,63,31,73,40,94,63,80,0,34,46,55,27,43,53,58,55,19,12,33,0,51,64,33,39,70,39,84,47,62,62,32,78,76,58,49,59,22,59,52,59,66,0,27,60,28,29,64,86,29,26,38
"163",2016-01-03,79,28,29,22,60,41,61,30,52,61,53,89,37,66,46,34,34,53,9,43,34,22,42,22,61,35,63,47,24,51,69,43,53,80,44,42,46,32,55,59,38,29,53,54,47,71,48,94,17,39,32
"164",2016-01-10,28,0,40,50,66,48,38,14,38,36,58,0,36,60,36,26,28,41,37,24,22,21,54,21,52,28,55,47,68,38,68,56,69,41,48,44,75,62,47,65,53,23,49,51,25,23,46,51,94,53,0
"165",2016-01-17,51,0,68,21,46,40,35,0,52,47,60,45,18,36,24,27,22,25,51,17,45,36,46,29,57,43,47,43,35,38,45,30,50,44,47,21,45,52,40,25,37,12,41,48,21,0,34,47,47,42,32
"166",2016-01-24,46,0,68,37,65,32,30,15,48,70,52,55,12,49,33,36,23,21,47,50,0,14,44,30,42,43,55,45,23,33,46,30,48,37,61,31,51,58,43,16,47,13,45,52,53,23,46,54,16,42,31
"167",2016-01-31,60,26,81,46,61,46,50,0,22,63,65,44,12,36,55,24,30,67,19,32,45,58,45,29,36,62,49,43,35,34,11,69,44,36,52,14,49,56,44,16,15,28,40,44,53,55,28,54,32,52,30
"168",2016-02-07,50,67,63,56,64,32,37,23,26,50,63,43,24,46,22,45,37,60,34,40,22,58,64,57,53,55,67,68,45,49,89,48,29,41,69,27,35,60,30,15,33,0,27,43,16,85,21,61,23,44,0
"169",2016-02-14,55,54,52,40,61,48,59,38,34,53,63,32,30,49,53,46,38,37,51,26,0,52,37,42,47,34,54,46,71,42,45,44,34,41,54,28,50,54,61,16,42,0,58,44,32,42,38,99,61,34,46
"170",2016-02-21,63,27,46,49,64,35,24,31,32,53,47,32,24,43,42,41,25,41,46,24,34,52,17,83,55,42,51,55,47,41,44,18,34,45,57,38,42,83,22,31,54,21,44,39,31,22,47,65,16,26,94
"171",2016-02-28,22,39,40,19,55,53,42,15,42,58,48,87,42,48,29,29,46,41,41,32,22,36,43,43,53,27,60,41,58,35,22,25,32,40,48,38,43,27,36,39,34,14,28,36,36,42,33,54,43,58,31
"172",2016-03-06,40,26,71,33,58,42,29,23,42,44,41,22,29,44,46,50,33,58,27,16,44,61,42,29,47,54,67,52,24,39,16,55,27,24,51,26,21,62,46,16,60,15,50,33,37,23,42,51,15,36,31
"173",2016-03-13,42,55,62,30,49,26,35,15,29,43,26,44,25,34,37,26,11,21,23,41,68,44,38,15,34,27,45,27,25,30,12,44,40,41,46,30,30,43,33,16,19,63,36,34,67,22,26,50,41,33,31
"174",2016-03-20,9,26,38,35,48,33,51,15,33,38,31,45,65,51,28,50,11,25,24,48,33,22,34,14,51,14,49,59,0,30,51,37,42,34,63,31,38,45,38,24,25,0,34,38,46,22,46,55,52,44,62
"175",2016-03-27,43,26,26,11,54,54,78,26,30,38,40,33,19,22,30,47,61,21,9,33,23,27,33,21,42,22,57,22,24,38,39,45,19,58,55,40,22,34,26,40,32,0,59,38,42,22,42,64,43,41,0
"176",2016-04-03,47,0,29,11,43,44,49,30,26,39,24,53,18,35,32,42,32,30,46,16,23,40,16,14,15,27,38,43,23,24,56,36,25,46,50,27,36,36,34,15,52,28,37,46,11,22,37,32,39,38,32
"177",2016-04-10,28,39,17,37,41,37,40,15,20,44,47,32,13,33,52,43,18,47,22,25,22,33,65,29,32,28,47,41,46,34,39,65,32,40,45,25,42,30,32,16,25,0,34,37,36,34,29,51,49,36,31
"178",2016-04-17,38,0,34,37,48,19,36,15,6,30,39,0,31,34,23,21,36,30,26,36,23,26,54,30,31,36,43,41,46,32,38,13,37,30,45,29,14,30,33,25,24,14,28,39,26,50,25,26,17,33,31
"179",2016-04-24,52,0,29,20,46,29,25,15,16,50,39,21,36,39,13,26,24,21,35,49,43,13,32,15,31,21,51,22,0,30,33,17,29,42,47,17,43,10,22,24,16,14,20,28,31,45,36,36,16,27,30
"180",2016-05-01,29,66,20,21,35,27,41,15,16,32,26,32,12,29,39,27,31,34,32,0,23,27,27,28,26,14,42,27,25,22,11,40,27,31,32,23,37,17,28,23,31,15,35,34,42,22,23,24,25,28,32
"181",2016-05-08,15,0,15,26,35,36,22,31,17,48,44,44,19,31,30,44,25,52,23,33,46,13,22,43,19,15,53,43,25,18,29,33,36,27,40,20,31,27,27,0,26,15,21,31,28,24,30,16,0,24,31
"182",2016-05-15,25,0,34,21,42,30,22,46,17,43,32,65,31,45,34,23,38,30,37,50,0,14,11,28,25,0,42,28,26,24,47,32,26,46,43,34,46,60,32,17,35,0,38,34,16,24,49,28,35,25,0
"183",2016-05-22,41,0,47,16,35,29,22,16,14,36,29,68,13,29,32,17,53,23,28,17,23,14,28,23,25,23,38,35,26,25,18,42,16,19,42,17,48,21,28,17,33,16,21,24,27,0,34,18,36,16,33
"184",2016-05-29,15,28,31,17,34,21,46,0,18,30,44,23,41,27,23,19,42,28,23,17,25,29,0,15,18,47,22,24,0,21,30,29,24,28,22,25,16,44,25,18,23,33,42,30,29,26,30,37,0,33,0
"185",2016-06-05,55,27,15,28,25,20,31,24,7,40,42,22,26,19,19,13,0,27,51,33,24,36,39,44,15,15,28,22,0,19,18,33,18,23,30,30,0,18,35,17,30,0,21,38,17,0,17,20,0,30,0
"186",2016-06-12,24,0,15,17,30,23,18,17,7,39,25,0,13,23,29,12,13,14,23,26,0,14,11,31,29,0,28,32,0,29,47,39,24,19,30,17,0,28,24,18,10,0,12,30,11,0,27,41,18,30,34
"187",2016-06-19,20,0,28,12,40,34,9,0,29,37,28,56,26,28,36,25,56,18,19,26,24,28,16,16,26,0,31,21,27,11,24,35,26,20,23,15,32,21,31,36,23,16,18,34,23,0,25,37,36,37,0
"188",2016-06-26,35,27,16,58,30,25,23,16,21,34,14,33,20,35,18,31,27,18,28,17,48,36,22,0,24,0,29,32,27,23,12,20,15,17,23,8,40,32,22,0,10,32,9,30,11,26,30,44,37,20,0
"189",2016-07-03,26,28,17,12,23,39,38,15,37,41,37,0,14,34,0,26,29,27,20,17,0,45,23,32,24,24,25,27,0,20,24,16,30,12,30,8,17,18,24,18,13,17,43,31,24,27,26,33,54,14,0
"190",2016-07-10,25,27,22,11,35,32,14,16,16,31,27,44,0,14,15,19,21,14,19,25,23,14,33,16,20,23,32,30,0,22,12,34,9,13,36,15,16,21,23,27,26,16,36,21,17,79,14,20,18,20,0
"191",2016-07-17,25,53,28,11,30,20,27,16,35,34,16,44,27,18,22,12,0,27,9,16,0,15,11,15,22,22,46,28,0,18,35,32,15,22,30,20,40,25,23,0,26,0,33,19,11,0,15,31,18,10,0
"192",2016-07-24,20,26,9,11,35,14,25,16,27,28,11,22,13,23,14,31,21,31,28,24,23,36,16,0,16,15,29,32,27,24,24,9,29,23,26,10,55,32,30,18,19,0,18,22,45,0,22,19,35,23,0
"193",2016-07-31,25,0,26,29,26,15,18,24,12,41,23,44,27,17,22,25,14,22,33,32,0,29,11,15,21,30,33,21,0,19,18,23,21,22,27,10,24,25,16,0,10,24,12,24,17,26,28,17,18,47,0
"194",2016-08-07,52,27,13,24,30,15,9,0,28,30,20,22,0,22,21,13,34,10,19,24,24,14,22,16,19,16,26,17,55,18,37,23,21,30,18,10,16,22,21,28,20,0,19,15,29,0,29,22,36,17,0
"195",2016-08-14,31,0,43,12,33,19,20,0,19,44,24,59,0,16,14,26,28,23,20,0,25,21,0,0,24,0,32,18,28,18,50,58,10,20,28,21,24,23,14,0,27,0,25,18,12,0,38,27,18,14,35
"196",2016-08-21,44,27,37,11,37,26,9,16,25,34,47,22,13,26,27,12,12,27,23,17,24,28,17,16,15,38,29,31,26,19,29,24,21,19,35,16,22,35,29,18,22,16,42,22,34,0,21,23,34,10,66
"197",2016-08-28,32,0,38,10,40,30,26,0,21,36,48,41,0,33,48,21,46,43,40,16,33,26,11,15,14,65,33,27,84,27,44,19,20,29,11,22,43,40,21,0,24,0,32,39,32,0,32,16,32,27,31
"198",2016-09-04,14,26,36,35,50,28,13,15,21,42,33,65,19,40,32,49,29,17,40,16,0,46,42,22,22,37,45,33,0,39,17,18,34,10,39,20,43,37,21,0,27,14,41,46,22,49,25,25,16,31,31
"199",2016-09-11,27,25,41,24,51,24,25,0,14,33,24,31,23,38,22,53,23,25,39,23,22,31,31,58,19,51,52,47,0,39,27,23,44,31,31,28,28,39,42,23,26,20,39,43,21,0,30,61,48,45,30
"200",2016-09-18,54,0,35,21,47,38,33,29,24,32,44,21,23,41,51,26,38,25,26,38,21,19,25,21,29,43,47,34,45,29,44,55,42,40,48,39,21,43,38,30,17,13,31,42,51,23,28,49,16,45,0
"201",2016-09-25,27,0,29,20,56,41,29,14,24,54,36,43,24,44,50,32,22,46,31,62,44,26,25,43,53,22,76,24,23,21,39,52,47,44,61,45,43,13,48,0,18,14,28,32,47,23,38,57,24,51,30
"202",2016-10-02,13,26,44,10,50,32,45,29,21,34,35,42,17,37,38,32,33,26,30,15,53,26,15,36,68,21,60,43,23,30,33,70,19,49,59,23,28,49,34,38,12,13,48,36,31,23,36,49,24,39,30
"203",2016-10-09,23,39,30,36,38,30,25,0,28,58,38,44,35,23,36,27,34,39,27,46,22,26,34,71,54,58,61,45,0,25,39,67,40,30,68,32,29,23,35,16,10,0,27,41,53,0,32,62,16,33,0
"204",2016-10-16,19,27,33,11,44,42,29,15,26,35,24,0,24,29,39,27,51,13,54,30,45,52,24,21,31,22,46,30,24,24,46,36,25,39,49,19,44,50,36,15,27,14,37,41,43,0,33,49,24,48,31
"205",2016-10-23,23,27,29,38,37,44,25,30,39,38,22,64,0,40,32,37,34,21,22,15,33,26,30,49,34,14,52,42,0,39,17,48,47,47,41,37,44,43,36,37,30,14,39,36,26,23,49,38,16,36,31
"206",2016-10-30,54,27,29,16,53,29,12,15,18,44,43,65,29,36,28,31,17,24,26,62,33,26,20,28,32,29,55,43,23,39,11,44,44,25,39,46,14,36,15,15,36,14,28,34,42,46,33,53,16,35,0
"207",2016-11-06,35,0,30,29,42,33,43,14,20,42,48,31,11,37,50,35,28,24,28,29,21,30,38,27,28,28,49,56,22,49,16,51,40,35,59,30,20,9,27,15,23,13,35,33,24,22,37,37,15,34,0
"208",2016-11-13,67,26,31,21,54,32,28,22,25,43,41,21,11,43,43,30,54,41,38,31,21,12,59,35,26,42,50,43,0,35,44,31,47,42,59,25,42,44,34,15,35,13,41,36,30,35,45,42,55,38,0
"209",2016-11-20,71,0,61,55,45,34,21,15,25,26,73,61,12,41,39,44,37,50,41,16,57,26,41,21,26,22,62,55,47,36,58,40,41,45,45,30,38,40,28,24,22,28,37,51,26,0,55,50,33,28,32
"210",2016-11-27,17,25,55,24,55,40,34,21,70,53,70,19,43,38,49,29,48,49,39,29,30,42,33,13,31,26,45,54,43,25,41,48,56,47,49,13,77,48,32,14,36,19,37,46,48,0,37,36,29,44,28
"211",2016-12-04,33,50,54,43,57,27,38,14,22,40,56,29,36,45,60,38,25,38,19,14,59,24,57,26,33,13,54,53,40,39,55,38,65,51,47,26,26,32,43,21,25,12,67,47,37,21,18,73,0,44,27
"212",2016-12-11,76,25,66,25,57,30,31,0,41,55,53,40,37,58,38,39,60,59,37,22,20,18,58,27,40,19,58,40,32,56,26,43,45,38,64,32,48,57,41,14,46,25,36,46,29,22,39,48,68,44,57
"213",2016-12-18,72,55,56,52,66,46,67,23,22,58,67,31,36,54,73,32,43,52,40,41,22,68,52,43,49,14,71,51,24,51,87,66,44,40,66,36,38,60,54,77,39,14,53,56,48,24,50,64,41,51,31
"214",2016-12-25,56,28,47,29,87,45,40,38,34,54,70,60,30,69,65,67,50,50,48,58,44,49,25,28,74,57,64,63,24,53,63,67,82,46,73,67,30,44,50,32,31,15,73,59,81,45,46,72,32,53,31
"215",2017-01-01,52,55,43,57,86,51,57,14,41,59,59,31,33,78,63,36,46,54,37,39,61,68,38,40,48,34,87,57,23,54,32,65,69,66,63,56,55,70,56,22,25,13,36,56,45,22,49,84,60,57,86
"216",2017-01-08,34,26,48,54,74,35,88,14,44,46,50,39,46,60,47,59,44,38,59,30,0,57,32,33,49,40,70,50,21,37,26,34,33,52,72,45,60,63,54,35,19,19,45,54,51,22,55,65,65,67,28
"217",2017-01-15,62,25,26,34,60,55,51,55,44,62,54,77,51,55,34,33,85,38,42,29,0,37,37,46,49,33,70,50,22,58,50,58,41,73,56,58,65,27,44,48,33,12,35,47,71,83,43,79,29,36,43
"218",2017-01-22,33,25,70,14,63,58,70,14,35,58,65,38,10,61,51,19,48,37,39,14,59,61,32,39,58,39,66,67,0,49,50,55,30,38,70,45,38,76,46,26,27,0,45,49,32,31,49,95,28,47,42
"219",2017-01-29,93,50,59,52,73,48,66,27,36,54,63,59,26,57,75,70,37,59,27,36,19,30,41,32,52,33,68,47,53,57,70,42,49,56,60,44,57,69,59,13,37,31,44,66,64,0,45,83,28,81,0
"220",2017-02-05,60,50,57,57,59,55,27,0,10,71,50,48,15,60,31,62,49,29,74,35,38,36,28,38,62,52,79,92,53,61,100,80,34,63,69,65,57,66,55,20,45,25,83,72,55,51,59,64,42,78,0
"221",2017-02-12,66,49,68,33,53,48,46,26,47,56,77,38,31,56,53,52,66,84,58,58,39,24,37,52,56,45,81,70,32,58,99,51,58,56,85,46,31,75,58,44,37,13,83,68,46,41,33,42,49,74,28
"222",2017-02-19,69,25,33,52,72,43,39,13,26,53,63,29,25,61,40,51,16,39,46,78,58,36,36,25,53,52,54,78,63,56,55,46,32,43,54,38,51,56,56,27,53,12,52,41,51,20,51,62,35,72,27
"223",2017-02-26,39,24,44,49,62,57,47,12,37,49,46,18,58,49,54,40,45,55,31,0,18,23,45,39,32,37,51,49,39,36,23,49,50,33,75,46,43,45,37,30,25,12,54,46,57,20,34,55,87,47,51
"224",2017-03-05,43,72,40,53,57,73,37,19,26,45,48,56,20,43,44,32,31,35,51,41,19,18,27,25,38,38,53,61,20,40,53,42,28,21,36,37,55,51,24,12,26,18,43,41,40,20,39,52,28,44,26
"225",2017-03-12,49,25,38,36,52,34,47,13,23,52,33,47,35,55,62,20,27,35,40,49,19,41,27,13,36,57,58,60,43,41,53,63,44,43,61,25,41,38,48,32,25,12,36,41,45,42,34,49,46,39,28
"226",2017-03-19,25,0,41,38,53,24,46,27,38,45,58,60,16,32,63,28,35,29,31,14,40,31,32,0,20,28,54,58,52,32,34,39,57,49,57,37,45,27,38,19,47,12,29,37,68,20,42,49,50,47,0
"227",2017-03-26,43,0,38,24,48,25,34,27,22,46,42,20,33,38,50,32,27,40,20,42,40,47,41,12,40,26,57,46,31,37,48,21,22,34,57,43,64,24,25,33,26,13,36,35,18,40,38,40,21,36,29
"228",2017-04-02,28,61,48,33,60,24,53,13,25,47,42,38,26,32,41,37,16,31,31,42,39,42,40,25,32,13,58,35,42,23,44,36,29,30,50,31,13,26,29,25,31,13,26,44,33,41,31,51,21,38,0
"229",2017-04-09,38,100,38,19,45,29,42,21,33,52,30,29,31,29,41,43,28,31,17,15,20,54,24,40,37,0,56,38,22,35,45,28,16,36,53,33,53,28,26,34,32,13,49,32,37,0,27,38,47,17,0
"230",2017-04-16,42,0,36,19,44,24,34,14,26,40,40,19,31,27,32,39,49,19,12,39,20,37,27,26,41,13,37,27,21,41,25,43,27,44,31,39,40,30,21,0,19,38,42,36,42,22,40,31,15,31,27
"231",2017-04-23,49,25,23,23,49,26,23,20,19,27,29,29,31,32,45,14,20,23,24,14,58,12,31,34,37,39,39,19,21,27,39,39,37,36,46,35,39,42,25,26,24,0,37,40,41,23,19,40,15,21,26
"232",2017-04-30,49,25,31,19,41,33,38,13,9,43,31,49,0,28,31,57,37,37,23,0,20,24,18,19,25,26,49,41,0,31,35,48,20,18,40,19,39,33,30,26,30,0,42,28,28,21,32,42,15,19,27
"233",2017-05-07,17,26,58,25,44,10,47,40,24,42,24,20,16,41,36,30,23,27,28,22,21,31,28,20,20,13,48,37,22,23,26,60,49,39,42,17,20,31,31,14,34,27,38,32,30,22,36,39,23,34,26
"234",2017-05-14,27,28,30,27,45,41,21,14,31,32,39,32,22,31,35,32,48,21,39,32,22,26,48,28,50,50,37,20,24,31,22,33,27,33,28,13,14,43,26,22,21,14,23,25,41,0,30,35,25,20,27
"235",2017-05-21,27,28,54,22,39,28,8,28,23,42,26,44,12,18,26,16,31,25,13,31,22,20,28,14,19,15,46,29,25,11,11,17,21,44,42,20,15,21,39,15,47,14,20,28,43,24,23,31,16,24,30
"236",2017-05-28,37,29,35,11,43,19,51,14,10,41,30,45,12,20,28,41,37,35,26,31,23,36,39,27,37,15,47,35,26,24,40,21,36,22,37,28,22,21,34,30,12,15,29,22,33,0,26,45,17,31,33
"237",2017-06-04,31,0,22,33,31,28,21,0,26,42,24,44,11,36,30,29,10,34,34,15,22,20,24,34,19,14,54,34,50,22,11,32,42,52,31,16,14,37,33,29,35,29,22,26,31,24,18,34,0,34,0
"238",2017-06-11,36,0,28,17,39,26,46,0,20,38,33,22,23,24,20,22,10,29,17,16,22,26,39,28,23,0,42,32,24,18,22,29,29,20,30,16,35,23,23,14,20,14,39,38,27,0,27,44,25,18,29
"239",2017-06-18,25,0,24,16,26,17,25,14,21,34,43,0,0,16,10,16,31,47,16,16,43,52,22,21,30,20,34,22,36,23,43,37,21,14,30,11,14,25,21,14,22,14,32,24,20,24,18,32,32,15,0
"240",2017-06-25,41,0,17,0,25,31,27,15,16,43,36,67,12,27,30,11,23,22,26,16,22,27,19,14,19,28,30,39,0,31,11,17,28,26,25,28,0,27,19,0,23,15,17,21,16,100,31,26,17,25,31
"241",2017-07-02,10,28,12,23,35,13,37,0,25,34,24,44,24,23,32,24,16,22,23,31,0,57,14,0,25,15,45,25,0,20,35,40,26,13,35,25,15,14,26,16,30,0,23,34,27,0,21,24,0,16,0
"242",2017-07-09,32,0,11,11,32,28,31,14,11,30,25,22,12,21,13,45,28,8,13,0,21,27,28,14,22,28,42,34,0,17,11,22,22,35,16,23,29,30,13,60,23,14,31,33,16,25,25,25,33,18,28
"243",2017-07-16,55,41,43,0,35,25,22,14,11,44,26,21,12,25,26,22,24,12,40,15,21,20,19,0,28,14,29,30,24,17,28,21,14,11,23,23,14,37,19,15,17,0,22,25,21,25,26,20,16,18,0
"244",2017-07-23,36,0,31,16,38,26,18,41,7,39,37,65,12,21,10,11,0,29,18,15,0,13,19,28,23,21,27,25,25,27,27,16,13,31,35,7,14,23,15,29,11,0,32,32,32,0,35,32,0,18,27
"245",2017-07-30,31,0,22,16,34,27,21,0,7,40,12,21,17,22,41,33,21,24,8,21,30,13,18,0,35,13,42,36,23,39,11,32,34,22,27,15,14,25,24,14,8,0,32,21,20,24,19,23,32,35,27
"246",2017-08-06,17,26,21,36,33,24,13,13,7,43,33,31,33,22,18,16,42,20,33,0,20,38,18,13,33,20,35,30,0,29,26,23,52,20,37,22,27,22,25,14,16,13,24,29,10,24,30,42,16,38,0
"247",2017-08-13,43,0,48,10,31,17,22,14,20,33,44,42,11,23,30,43,37,19,8,14,20,0,19,27,16,27,31,18,24,28,21,8,32,31,39,18,53,25,12,28,14,13,37,22,36,0,23,40,15,21,0
"248",2017-08-20,45,38,53,24,37,28,22,13,30,41,41,59,11,31,60,10,18,37,36,15,20,35,9,14,22,58,31,42,0,22,20,23,32,25,41,9,32,15,28,28,16,0,48,27,20,24,18,36,37,42,25
"249",2017-08-27,69,26,50,29,43,16,17,13,26,55,60,0,16,32,46,39,35,41,47,22,0,0,35,27,35,20,34,28,33,41,30,31,34,35,40,18,63,30,20,14,13,13,35,21,29,35,22,15,29,18,0
"250",2017-09-03,36,26,36,25,41,26,24,0,29,30,42,39,16,42,49,30,18,30,37,0,19,24,22,45,26,53,41,24,45,44,46,31,31,37,49,20,26,32,35,52,18,0,43,45,53,0,21,28,22,35,0
"251",2017-09-10,43,25,32,24,38,46,28,39,42,39,29,39,25,43,44,37,27,22,36,21,38,23,17,19,32,13,66,39,21,40,44,19,32,32,45,21,25,26,45,25,18,18,32,41,37,65,38,19,43,39,25
"252",2017-09-17,36,51,27,24,43,26,47,39,38,44,44,39,15,35,43,28,44,44,28,48,39,29,26,25,15,38,47,43,21,48,29,37,32,46,56,37,25,27,45,24,34,12,35,44,51,22,40,45,36,43,74
"253",2017-09-24,29,26,36,10,50,33,24,26,27,32,33,20,21,30,42,29,23,15,32,0,50,36,55,19,41,19,62,49,32,22,25,49,43,61,44,31,52,45,32,62,21,12,38,41,33,0,48,43,73,30,26
"254",2017-10-01,36,26,46,23,54,19,16,26,34,44,37,30,21,28,30,23,23,34,12,43,39,29,31,45,43,13,55,31,21,27,34,31,46,44,49,22,19,47,25,25,16,12,33,27,37,0,39,50,15,36,0
"255",2017-10-08,48,25,29,29,42,48,35,50,48,41,44,41,10,34,23,28,9,45,24,14,49,12,22,25,35,32,50,34,21,29,39,44,58,36,29,34,26,30,31,13,26,25,21,38,37,31,31,63,35,38,26
"256",2017-10-15,25,52,26,19,57,68,47,0,34,37,45,30,20,37,29,24,23,56,40,14,41,24,36,38,36,32,52,35,22,47,40,48,45,36,28,36,26,42,39,19,16,0,38,38,43,0,32,38,36,38,26
"257",2017-10-22,49,0,41,19,42,22,47,32,27,33,59,20,26,42,54,43,34,29,59,0,0,24,27,19,30,45,51,45,0,31,48,59,28,46,42,27,25,39,38,13,31,25,35,46,39,21,37,54,14,41,0
"258",2017-10-29,33,26,36,33,43,29,51,26,26,54,51,20,31,51,47,28,36,25,32,23,39,29,40,52,42,0,63,47,21,28,34,33,43,36,50,15,19,66,39,20,26,12,40,57,28,22,38,70,14,37,26
"259",2017-11-05,51,52,53,23,57,66,58,25,29,57,50,20,10,43,52,27,38,50,35,14,29,62,50,38,47,55,71,37,41,30,66,29,55,41,51,45,31,38,43,39,33,12,35,42,32,31,32,47,21,44,26
"260",2017-11-12,53,29,40,40,55,41,64,51,20,61,60,69,40,56,62,46,30,24,27,31,43,64,36,21,45,54,68,59,57,40,53,33,56,61,57,35,28,56,43,45,32,13,71,52,52,23,42,80,23,60,45
